Load,ahp,boiler,chp,ar,hrar,ec,TES-H,TES-C
0,,,0,,,,,
0.001,,,1.057082838,,,,,
0.002,,,2.107663832,,,,,
0.003,,,3.151797529,,,,,
0.004,,,4.189537888,,,,,
0.005,,,5.220938284,,,,,
0.006,,,6.246051522,,,,,
0.007,,,7.264929838,,,,,
0.008,,,8.277624911,,,,,
0.009,,,9.28418787,,,,,
0.01,,,10.2846693,,,,,
0.011,,,11.27911925,,,,,
0.012,,,12.26758724,,,,,
0.013,,,13.25012227,,,,,
0.014,,,14.22677282,,,,,
0.015,,,15.19758686,,,,,
0.016,,,16.16261187,,,,,
0.017,,,17.12189483,,,,,
0.018,,,18.07548223,,,,,
0.019,,,19.02342006,,,,,
0.02,,,19.96575388,,,,,
0.021,,,20.90252873,,,,,
0.022,,,21.83378921,,,,,
0.023,,,22.75957947,,,,,
0.024,,,23.67994319,,,,,
0.025,,,24.59492361,,,,,
0.026,,,25.50456355,,,,,
0.027,,,26.40890536,,,,,
0.028,,,27.30799098,,,,,
0.029,,,28.20186193,,,,,
0.03,,,29.09055931,,,,,
0.031,,,29.97412379,,,,,
0.032,,,30.85259567,,,,,
0.033,,,31.7260148,,,,,
0.034,,,32.59442066,,,,,
0.035,,,33.45785234,,,,,
0.036,,,34.31634853,,,,,
0.037,,,35.16994755,,,,,
0.038,,,36.01868732,,,,,
0.039,,,36.86260542,,,,,
0.04,,,37.70173902,,,,,
0.041,,,38.53612497,,,,,
0.042,,,39.36579973,,,,,
0.043,,,40.1907994,,,,,
0.044,,,41.01115976,,,,,
0.045,,,41.82691622,,,,,
0.046,,,42.63810384,,,,,
0.047,,,43.44475737,,,,,
0.048,,,44.24691121,,,,,
0.049,,,45.04459942,,,,,
0.05,,,45.83785575,,,,,
0.051,,,46.62671362,,,,,
0.052,,,47.41120613,,,,,
0.053,,,48.19136607,,,,,
0.054,,,48.96722592,,,,,
0.055,,,49.73881785,,,,,
0.056,,,50.50617373,,,,,
0.057,,,51.26932512,,,,,
0.058,,,52.0283033,,,,,
0.059,,,52.78313925,,,,,
0.06,,,53.53386364,,,,,
0.061,,,54.28050689,,,,,
0.062,,,55.02309912,,,,,
0.063,,,55.76167016,,,,,
0.064,,,56.49624959,,,,,
0.065,,,57.2268667,,,,,
0.066,,,57.9535505,,,,,
0.067,,,58.67632975,,,,,
0.068,,,59.39523296,,,,,
0.069,,,60.11028834,,,,,
0.07,,,60.82152388,,,,,
0.071,,,61.5289673,,,,,
0.072,,,62.23264606,,,,,
0.073,,,62.93258739,,,,,
0.074,,,63.62881827,,,,,
0.075,,,64.32136541,,,,,
0.076,,,65.01025533,,,,,
0.077,,,65.69551426,,,,,
0.078,,,66.37716823,,,,,
0.079,,,67.05524303,,,,,
0.08,,,67.72976422,,,,,
0.081,,,68.40075713,,,,,
0.082,,,69.06824685,,,,,
0.083,,,69.73225829,,,,,
0.084,,,70.3928161,,,,,
0.085,,,71.04994474,,,,,
0.086,,,71.70366843,,,,,
0.087,,,72.3540112,,,,,
0.088,,,73.00099686,,,,,
0.089,,,73.64464901,,,,,
0.09,,,74.28499106,,,,,
0.091,,,74.9220462,,,,,
0.092,,,75.55583742,,,,,
0.093,,,76.18638753,,,,,
0.094,,,76.81371912,,,,,
0.095,,,77.4378546,,,,,
0.096,,,78.05881619,,,,,
0.097,,,78.67662591,,,,,
0.098,,,79.29130559,,,,,
0.099,,,79.90287688,,,,,
0.1,,,80.51136127,,,,,
0.101,,,81.11678001,,,,,
0.102,,,81.71915423,,,,,
0.103,,,82.31850485,,,,,
0.104,,,82.91485262,,,,,
0.105,,,83.50821811,,,,,
0.106,,,84.09862173,,,,,
0.107,,,84.68608372,,,,,
0.108,,,85.27062413,,,,,
0.109,,,85.85226286,,,,,
0.11,,,86.43101966,,,,,
0.111,,,87.00691407,,,,,
0.112,,,87.57996552,,,,,
0.113,,,88.15019325,,,,,
0.114,,,88.71761635,,,,,
0.115,,,89.28225374,,,,,
0.116,,,89.84412421,,,,,
0.117,,,90.40324639,,,,,
0.118,,,90.95963873,,,,,
0.119,,,91.51331956,,,,,
0.12,,,92.06430706,,,,,
0.121,,,92.61261925,,,,,
0.122,,,93.15827401,,,,,
0.123,,,93.70128907,,,,,
0.124,,,94.24168204,,,,,
0.125,,,94.77947034,,,,,
0.126,,,95.31467131,,,,,
0.127,,,95.84730211,,,,,
0.128,,,96.37737979,,,,,
0.129,,,96.90492123,,,,,
0.13,,,97.4299432,,,,,
0.131,,,97.95246235,,,,,
0.132,,,98.47249517,,,,,
0.133,,,98.99005803,,,,,
0.134,,,99.50516718,,,,,
0.135,,,100.0178387,,,,,
0.136,,,100.5280887,,,,,
0.137,,,101.0359329,,,,,
0.138,,,101.5413871,,,,,
0.139,,,102.0444669,,,,,
0.14,,,102.5451878,,,,,
0.141,,,103.0435652,,,,,
0.142,,,103.5396144,,,,,
0.143,,,104.0333504,,,,,
0.144,,,104.5247883,,,,,
0.145,,,105.0139431,,,,,
0.146,,,105.5008295,,,,,
0.147,,,105.9854621,,,,,
0.148,,,106.4678556,,,,,
0.149,,,106.9480245,,,,,
0.15,,,107.425983,,,,,
0.151,,,107.9017453,,,,,
0.152,,,108.3753258,,,,,
0.153,,,108.8467383,,,,,
0.154,,,109.3159967,,,,,
0.155,,,109.7831149,,,,,
0.156,,,110.2481067,,,,,
0.157,,,110.7109855,,,,,
0.158,,,111.171765,,,,,
0.159,,,111.6304584,,,,,
0.16,,,112.0870792,,,,,
0.161,,,112.5416406,,,,,
0.162,,,112.9941555,,,,,
0.163,,,113.4446371,,,,,
0.164,,,113.8930983,,,,,
0.165,,,114.3395519,,,,,
0.166,,,114.7840105,,,,,
0.167,,,115.2264869,,,,,
0.168,,,115.6669936,,,,,
0.169,,,116.1055431,,,,,
0.17,,,116.5421476,,,,,
0.171,,,116.9768195,,,,,
0.172,,,117.409571,,,,,
0.173,,,117.8404141,,,,,
0.174,,,118.2693608,,,,,
0.175,,,118.6964231,,,,,
0.176,,,119.1216128,,,,,
0.177,,,119.5449416,,,,,
0.178,,,119.9664213,,,,,
0.179,,,120.3860633,,,,,
0.18,,,120.8038792,,,,,
0.181,,,121.2198804,,,,,
0.182,,,121.6340783,,,,,
0.183,,,122.046484,,,,,
0.184,,,122.4571088,,,,,
0.185,,,122.8659637,,,,,
0.186,,,123.2730599,,,,,
0.187,,,123.6784082,,,,,
0.188,,,124.0820194,,,,,
0.189,,,124.4839044,,,,,
0.19,,,124.8840739,,,,,
0.191,,,125.2825386,,,,,
0.192,,,125.6793089,,,,,
0.193,,,126.0743954,,,,,
0.194,,,126.4678085,,,,,
0.195,,,126.8595586,,,,,
0.196,,,127.2496558,,,,,
0.197,,,127.6381105,,,,,
0.198,,,128.0249328,,,,,
0.199,,,128.4101327,,,,,
0.2,,,128.7937202,,,,,
0.201,,,129.1757053,,,,,
0.202,,,129.5560978,,,,,
0.203,,,129.9349075,,,,,
0.204,,,130.3121441,,,,,
0.205,,,130.6878173,,,,,
0.206,,,131.0619367,,,,,
0.207,,,131.4345119,,,,,
0.208,,,131.8055522,,,,,
0.209,,,132.1750671,,,,,
0.21,,,132.543066,,,,,
0.211,,,132.9095581,,,,,
0.212,,,133.2745526,,,,,
0.213,,,133.6380587,,,,,
0.214,,,134.0000855,,,,,
0.215,,,134.3606421,,,,,
0.216,,,134.7197373,,,,,
0.217,,,135.0773801,,,,,
0.218,,,135.4335795,,,,,
0.219,,,135.788344,,,,,
0.22,,,136.1416826,,,,,
0.221,,,136.4936039,,,,,
0.222,,,136.8441166,,,,,
0.223,,,137.1932291,,,,,
0.224,,,137.54095,,,,,
0.225,,,137.8872878,,,,,
0.226,,,138.2322509,,,,,
0.227,,,138.5758477,,,,,
0.228,,,138.9180863,,,,,
0.229,,,139.2589752,,,,,
0.23,,,139.5985224,,,,,
0.231,,,139.9367361,,,,,
0.232,,,140.2736244,,,,,
0.233,,,140.6091954,,,,,
0.234,,,140.943457,,,,,
0.235,,,141.2764171,,,,,
0.236,,,141.6080836,,,,,
0.237,,,141.9384645,,,,,
0.238,,,142.2675673,,,,,
0.239,,,142.5954,,,,,
0.24,,,142.9219702,,,,,
0.241,,,143.2472854,,,,,
0.242,,,143.5713534,,,,,
0.243,,,143.8941816,,,,,
0.244,,,144.2157776,,,,,
0.245,,,144.5361488,,,,,
0.246,,,144.8553026,,,,,
0.247,,,145.1732463,,,,,
0.248,,,145.4899873,,,,,
0.249,,,145.8055329,,,,,
0.25,,,146.1198902,,,,,
0.251,,,146.4330665,,,,,
0.252,,,146.7450688,,,,,
0.253,,,147.0559043,,,,,
0.254,,,147.3655801,,,,,
0.255,,,147.674103,,,,,
0.256,,,147.9814802,,,,,
0.257,,,148.2877185,,,,,
0.258,,,148.5928247,,,,,
0.259,,,148.8968058,,,,,
0.26,,,149.1996684,,,,,
0.261,,,149.5014195,,,,,
0.262,,,149.8020656,,,,,
0.263,,,150.1016135,,,,,
0.264,,,150.4000698,,,,,
0.265,,,150.6974411,,,,,
0.266,,,150.993734,,,,,
0.267,,,151.2889549,,,,,
0.268,,,151.5831104,,,,,
0.269,,,151.8762068,,,,,
0.27,,,152.1682506,,,,,
0.271,,,152.4592482,,,,,
0.272,,,152.7492059,,,,,
0.273,,,153.0381299,,,,,
0.274,,,153.3260266,,,,,
0.275,,,153.6129021,,,,,
0.276,,,153.8987626,,,,,
0.277,,,154.1836143,,,,,
0.278,,,154.4674632,,,,,
0.279,,,154.7503155,,,,,
0.28,,,155.0321772,,,,,
0.281,,,155.3130543,,,,,
0.282,,,155.5929528,,,,,
0.283,,,155.8718786,,,,,
0.284,,,156.1498375,,,,,
0.285,,,156.4268356,,,,,
0.286,,,156.7028785,,,,,
0.287,,,156.9779722,,,,,
0.288,,,157.2521223,,,,,
0.289,,,157.5253346,,,,,
0.29,,,157.7976149,,,,,
0.291,,,158.0689687,,,,,
0.292,,,158.3394018,,,,,
0.293,,,158.6089197,,,,,
0.294,,,158.877528,,,,,
0.295,,,159.1452323,,,,,
0.296,,,159.4120381,,,,,
0.297,,,159.6779508,,,,,
0.298,,,159.942976,,,,,
0.299,,,160.2071189,,,,,
0.3,,,160.4703851,,,,,
0.301,,,160.7327799,,,,,
0.302,,,160.9943087,,,,,
0.303,,,161.2549766,,,,,
0.304,,,161.5147891,,,,,
0.305,,,161.7737514,,,,,
0.306,,,162.0318686,,,,,
0.307,,,162.289146,,,,,
0.308,,,162.5455887,,,,,
0.309,,,162.8012019,,,,,
0.31,,,163.0559907,,,,,
0.311,,,163.3099601,,,,,
0.312,,,163.5631152,,,,,
0.313,,,163.8154611,,,,,
0.314,,,164.0670027,,,,,
0.315,,,164.317745,,,,,
0.316,,,164.5676929,,,,,
0.317,,,164.8168514,,,,,
0.318,,,165.0652254,,,,,
0.319,,,165.3128197,,,,,
0.32,,,165.5596392,,,,,
0.321,,,165.8056886,,,,,
0.322,,,166.0509729,,,,,
0.323,,,166.2954967,,,,,
0.324,,,166.5392647,,,,,
0.325,,,166.7822818,,,,,
0.326,,,167.0245525,,,,,
0.327,,,167.2660816,,,,,
0.328,,,167.5068737,,,,,
0.329,,,167.7469334,,,,,
0.33,,,167.9862654,,,,,
0.331,,,168.2248741,,,,,
0.332,,,168.4627642,,,,,
0.333,,,168.6999401,,,,,
0.334,,,168.9364063,,,,,
0.335,,,169.1721675,,,,,
0.336,,,169.4072279,,,,,
0.337,,,169.641592,,,,,
0.338,,,169.8752643,,,,,
0.339,,,170.1082491,,,,,
0.34,,,170.3405508,,,,,
0.341,,,170.5721737,,,,,
0.342,,,170.8031222,,,,,
0.343,,,171.0334006,,,,,
0.344,,,171.2630131,,,,,
0.345,,,171.491964,,,,,
0.346,,,171.7202576,,,,,
0.347,,,171.947898,,,,,
0.348,,,172.1748895,,,,,
0.349,,,172.4012362,,,,,
0.35,,,172.6269423,,,,,
0.351,,,172.8520119,,,,,
0.352,,,173.0764491,,,,,
0.353,,,173.3002581,,,,,
0.354,,,173.5234429,,,,,
0.355,,,173.7460075,,,,,
0.356,,,173.967956,,,,,
0.357,,,174.1892924,,,,,
0.358,,,174.4100207,,,,,
0.359,,,174.6301449,,,,,
0.36,,,174.849669,,,,,
0.361,,,175.0685968,,,,,
0.362,,,175.2869323,,,,,
0.363,,,175.5046793,,,,,
0.364,,,175.7218419,,,,,
0.365,,,175.9384238,,,,,
0.366,,,176.1544289,,,,,
0.367,,,176.369861,,,,,
0.368,,,176.584724,,,,,
0.369,,,176.7990215,,,,,
0.37,,,177.0127575,,,,,
0.371,,,177.2259356,,,,,
0.372,,,177.4385596,,,,,
0.373,,,177.6506332,,,,,
0.374,,,177.8621601,,,,,
0.375,,,178.073144,,,,,
0.376,,,178.2835886,,,,,
0.377,,,178.4934975,,,,,
0.378,,,178.7028744,,,,,
0.379,,,178.9117228,,,,,
0.38,,,179.1200465,,,,,
0.381,,,179.3278489,,,,,
0.382,,,179.5351337,,,,,
0.383,,,179.7419044,,,,,
0.384,,,179.9481645,,,,,
0.385,,,180.1539176,,,,,
0.386,,,180.3591672,,,,,
0.387,,,180.5639167,,,,,
0.388,,,180.7681697,,,,,
0.389,,,180.9719296,,,,,
0.39,,,181.1751998,,,,,
0.391,,,181.3779838,,,,,
0.392,,,181.580285,,,,,
0.393,,,181.7821068,,,,,
0.394,,,181.9834526,,,,,
0.395,,,182.1843257,,,,,
0.396,,,182.3847295,,,,,
0.397,,,182.5846674,,,,,
0.398,,,182.7841426,,,,,
0.399,,,182.9831585,,,,,
0.4,,,183.1817184,,,,,
0.401,,,183.3798256,,,,,
0.402,,,183.5774833,,,,,
0.403,,,183.7746948,,,,,
0.404,,,183.9714633,,,,,
0.405,,,184.167792,,,,,
0.406,,,184.3636843,,,,,
0.407,,,184.5591432,,,,,
0.408,,,184.754172,,,,,
0.409,,,184.9487738,,,,,
0.41,,,185.1429518,,,,,
0.411,,,185.3367092,,,,,
0.412,,,185.530049,,,,,
0.413,,,185.7229744,,,,,
0.414,,,185.9154885,,,,,
0.415,,,186.1075944,,,,,
0.416,,,186.2992952,,,,,
0.417,,,186.490594,,,,,
0.418,,,186.6814937,,,,,
0.419,,,186.8719975,,,,,
0.42,,,187.0621084,,,,,
0.421,,,187.2518294,,,,,
0.422,,,187.4411635,,,,,
0.423,,,187.6301137,,,,,
0.424,,,187.818683,,,,,
0.425,,,188.0068743,,,,,
0.426,,,188.1946907,,,,,
0.427,,,188.382135,,,,,
0.428,,,188.5692102,,,,,
0.429,,,188.7559193,,,,,
0.43,,,188.9422651,,,,,
0.431,,,189.1282505,,,,,
0.432,,,189.3138785,,,,,
0.433,,,189.4991518,,,,,
0.434,,,189.6840735,,,,,
0.435,,,189.8686462,,,,,
0.436,,,190.052873,,,,,
0.437,,,190.2367565,,,,,
0.438,,,190.4202997,,,,,
0.439,,,190.6035053,,,,,
0.44,,,190.7863762,,,,,
0.441,,,190.9689151,,,,,
0.442,,,191.1511248,,,,,
0.443,,,191.3330081,,,,,
0.444,,,191.5145677,,,,,
0.445,,,191.6958064,,,,,
0.446,,,191.876727,,,,,
0.447,,,192.0573321,,,,,
0.448,,,192.2376245,,,,,
0.449,,,192.4176068,,,,,
0.45,,,192.5972818,,,,,
0.451,,,192.7766522,,,,,
0.452,,,192.9557207,,,,,
0.453,,,193.1344898,,,,,
0.454,,,193.3129623,,,,,
0.455,,,193.4911408,,,,,
0.456,,,193.669028,,,,,
0.457,,,193.8466264,,,,,
0.458,,,194.0239388,,,,,
0.459,,,194.2009677,,,,,
0.46,,,194.3777156,,,,,
0.461,,,194.5541853,,,,,
0.462,,,194.7303792,,,,,
0.463,,,194.9063,,,,,
0.464,,,195.0819502,,,,,
0.465,,,195.2573324,,,,,
0.466,,,195.4324491,,,,,
0.467,,,195.6073029,,,,,
0.468,,,195.7818962,,,,,
0.469,,,195.9562317,,,,,
0.47,,,196.1303117,,,,,
0.471,,,196.3041389,,,,,
0.472,,,196.4777157,,,,,
0.473,,,196.6510445,,,,,
0.474,,,196.8241279,,,,,
0.475,,,196.9969684,,,,,
0.476,,,197.1695683,,,,,
0.477,,,197.3419302,,,,,
0.478,,,197.5140564,,,,,
0.479,,,197.6859495,,,,,
0.48,,,197.8576118,,,,,
0.481,,,198.0290458,,,,,
0.482,,,198.2002538,,,,,
0.483,,,198.3712383,,,,,
0.484,,,198.5420017,,,,,
0.485,,,198.7125463,,,,,
0.486,,,198.8828746,,,,,
0.487,,,199.0529888,,,,,
0.488,,,199.2228914,,,,,
0.489,,,199.3925847,,,,,
0.49,,,199.5620711,,,,,
0.491,,,199.7313529,,,,,
0.492,,,199.9004324,,,,,
0.493,,,200.069312,,,,,
0.494,,,200.2379939,,,,,
0.495,,,200.4064805,,,,,
0.496,,,200.5747742,,,,,
0.497,,,200.7428771,,,,,
0.498,,,200.9107915,,,,,
0.499,,,201.0785199,,,,,
0.5,,,201.2460643,,,,,
0.501,,,201.4134272,,,,,
0.502,,,201.5806107,,,,,
0.503,,,201.7476171,,,,,
0.504,,,201.9144486,,,,,
0.505,,,202.0811076,,,,,
0.506,,,202.2475962,,,,,
0.507,,,202.4139166,,,,,
0.508,,,202.5800711,,,,,
0.509,,,202.7460619,,,,,
0.51,,,202.9118911,,,,,
0.511,,,203.0775611,,,,,
0.512,,,203.2430739,,,,,
0.513,,,203.4084318,,,,,
0.514,,,203.573637,,,,,
0.515,,,203.7386916,,,,,
0.516,,,203.9035977,,,,,
0.517,,,204.0683576,,,,,
0.518,,,204.2329735,,,,,
0.519,,,204.3974473,,,,,
0.52,,,204.5617814,,,,,
0.521,,,204.7259778,,,,,
0.522,,,204.8900386,,,,,
0.523,,,205.0539661,,,,,
0.524,,,205.2177622,,,,,
0.525,,,205.3814292,,,,,
0.526,,,205.5449691,,,,,
0.527,,,205.708384,,,,,
0.528,,,205.871676,,,,,
0.529,,,206.0348472,,,,,
0.53,,,206.1978997,,,,,
0.531,,,206.3608356,,,,,
0.532,,,206.523657,,,,,
0.533,,,206.6863658,,,,,
0.534,,,206.8489642,,,,,
0.535,,,207.0114543,,,,,
0.536,,,207.173838,,,,,
0.537,,,207.3361174,,,,,
0.538,,,207.4982946,,,,,
0.539,,,207.6603716,,,,,
0.54,,,207.8223504,,,,,
0.541,,,207.984233,,,,,
0.542,,,208.1460216,,,,,
0.543,,,208.307718,,,,,
0.544,,,208.4693242,,,,,
0.545,,,208.6308424,,,,,
0.546,,,208.7922744,,,,,
0.547,,,208.9536223,,,,,
0.548,,,209.1148881,,,,,
0.549,,,209.2760738,,,,,
0.55,,,209.4371812,,,,,
0.551,,,209.5982125,,,,,
0.552,,,209.7591695,,,,,
0.553,,,209.9200542,,,,,
0.554,,,210.0808687,,,,,
0.555,,,210.2416148,,,,,
0.556,,,210.4022944,,,,,
0.557,,,210.5629096,,,,,
0.558,,,210.7234623,,,,,
0.559,,,210.8839544,,,,,
0.56,,,211.0443878,,,,,
0.561,,,211.2047645,,,,,
0.562,,,211.3650864,,,,,
0.563,,,211.5253554,,,,,
0.564,,,211.6855734,,,,,
0.565,,,211.8457423,,,,,
0.566,,,212.0058641,,,,,
0.567,,,212.1659406,,,,,
0.568,,,212.3259737,,,,,
0.569,,,212.4859653,,,,,
0.57,,,212.6459173,,,,,
0.571,,,212.8058317,,,,,
0.572,,,212.9657101,,,,,
0.573,,,213.1255547,,,,,
0.574,,,213.2853671,,,,,
0.575,,,213.4451493,,,,,
0.576,,,213.6049031,,,,,
0.577,,,213.7646305,,,,,
0.578,,,213.9243332,,,,,
0.579,,,214.0840131,,,,,
0.58,,,214.243672,,,,,
0.581,,,214.4033118,,,,,
0.582,,,214.5629344,,,,,
0.583,,,214.7225415,,,,,
0.584,,,214.8821351,,,,,
0.585,,,215.0417168,,,,,
0.586,,,215.2012886,,,,,
0.587,,,215.3608523,,,,,
0.588,,,215.5204096,,,,,
0.589,,,215.6799624,,,,,
0.59,,,215.8395126,,,,,
0.591,,,215.9990619,,,,,
0.592,,,216.158612,,,,,
0.593,,,216.3181649,,,,,
0.594,,,216.4777223,,,,,
0.595,,,216.637286,,,,,
0.596,,,216.7968578,,,,,
0.597,,,216.9564395,,,,,
0.598,,,217.1160328,,,,,
0.599,,,217.2756396,,,,,
0.6,,,217.4352615,,,,,
0.601,,,217.5949005,,,,,
0.602,,,217.7545582,,,,,
0.603,,,217.9142364,,,,,
0.604,,,218.0739369,,,,,
0.605,,,218.2336614,,,,,
0.606,,,218.3934118,,,,,
0.607,,,218.5531896,,,,,
0.608,,,218.7129968,,,,,
0.609,,,218.872835,,,,,
0.61,,,219.0327061,,,,,
0.611,,,219.1926116,,,,,
0.612,,,219.3525534,,,,,
0.613,,,219.5125332,,,,,
0.614,,,219.6725528,,,,,
0.615,,,219.8326138,,,,,
0.616,,,219.992718,,,,,
0.617,,,220.1528671,,,,,
0.618,,,220.3130628,,,,,
0.619,,,220.4733069,,,,,
0.62,,,220.6336011,,,,,
0.621,,,220.793947,,,,,
0.622,,,220.9543465,,,,,
0.623,,,221.1148011,,,,,
0.624,,,221.2753127,,,,,
0.625,,,221.4358828,,,,,
0.626,,,221.5965133,,,,,
0.627,,,221.7572057,,,,,
0.628,,,221.9179619,,,,,
0.629,,,222.0787834,,,,,
0.63,,,222.239672,,,,,
0.631,,,222.4006294,,,,,
0.632,,,222.5616572,,,,,
0.633,,,222.7227571,,,,,
0.634,,,222.8839309,,,,,
0.635,,,223.0451801,,,,,
0.636,,,223.2065065,,,,,
0.637,,,223.3679118,,,,,
0.638,,,223.5293975,,,,,
0.639,,,223.6909654,,,,,
0.64,,,223.8526172,,,,,
0.641,,,224.0143545,,,,,
0.642,,,224.1761789,,,,,
0.643,,,224.3380921,,,,,
0.644,,,224.5000958,,,,,
0.645,,,224.6621917,,,,,
0.646,,,224.8243813,,,,,
0.647,,,224.9866664,,,,,
0.648,,,225.1490486,,,,,
0.649,,,225.3115295,,,,,
0.65,,,225.4741108,,,,,
0.651,,,225.636794,,,,,
0.652,,,225.799581,,,,,
0.653,,,225.9624733,,,,,
0.654,,,226.1254725,,,,,
0.655,,,226.2885802,,,,,
0.656,,,226.4517982,,,,,
0.657,,,226.615128,,,,,
0.658,,,226.7785713,,,,,
0.659,,,226.9421297,,,,,
0.66,,,227.1058047,,,,,
0.661,,,227.2695982,,,,,
0.662,,,227.4335116,,,,,
0.663,,,227.5975466,,,,,
0.664,,,227.7617047,,,,,
0.665,,,227.9259878,,,,,
0.666,,,228.0903972,,,,,
0.667,,,228.2549347,,,,,
0.668,,,228.4196019,,,,,
0.669,,,228.5844003,,,,,
0.67,,,228.7493316,,,,,
0.671,,,228.9143974,,,,,
0.672,,,229.0795994,,,,,
0.673,,,229.244939,,,,,
0.674,,,229.4104179,,,,,
0.675,,,229.5760377,,,,,
0.676,,,229.7418,,,,,
0.677,,,229.9077065,,,,,
0.678,,,230.0737586,,,,,
0.679,,,230.2399581,,,,,
0.68,,,230.4063064,,,,,
0.681,,,230.5728052,,,,,
0.682,,,230.7394561,,,,,
0.683,,,230.9062607,,,,,
0.684,,,231.0732206,,,,,
0.685,,,231.2403372,,,,,
0.686,,,231.4076124,,,,,
0.687,,,231.5750475,,,,,
0.688,,,231.7426442,,,,,
0.689,,,231.9104042,,,,,
0.69,,,232.0783289,,,,,
0.691,,,232.2464199,,,,,
0.692,,,232.4146789,,,,,
0.693,,,232.5831074,,,,,
0.694,,,232.751707,,,,,
0.695,,,232.9204793,,,,,
0.696,,,233.0894258,,,,,
0.697,,,233.2585481,,,,,
0.698,,,233.4278478,,,,,
0.699,,,233.5973264,,,,,
0.7,,,233.7669856,,,,,
0.701,,,233.9368269,,,,,
0.702,,,234.1068519,,,,,
0.703,,,234.2770621,,,,,
0.704,,,234.4474591,,,,,
0.705,,,234.6180445,,,,,
0.706,,,234.7888199,,,,,
0.707,,,234.9597867,,,,,
0.708,,,235.1309467,,,,,
0.709,,,235.3023012,,,,,
0.71,,,235.473852,,,,,
0.711,,,235.6456006,,,,,
0.712,,,235.8175484,,,,,
0.713,,,235.9896972,,,,,
0.714,,,236.1620484,,,,,
0.715,,,236.3346036,,,,,
0.716,,,236.5073644,,,,,
0.717,,,236.6803323,,,,,
0.718,,,236.8535088,,,,,
0.719,,,237.0268957,,,,,
0.72,,,237.2004943,,,,,
0.721,,,237.3743062,,,,,
0.722,,,237.5483331,,,,,
0.723,,,237.7225765,,,,,
0.724,,,237.8970378,,,,,
0.725,,,238.0717187,,,,,
0.726,,,238.2466208,,,,,
0.727,,,238.4217455,,,,,
0.728,,,238.5970945,,,,,
0.729,,,238.7726692,,,,,
0.73,,,238.9484713,,,,,
0.731,,,239.1245022,,,,,
0.732,,,239.3007636,,,,,
0.733,,,239.477257,,,,,
0.734,,,239.6539839,,,,,
0.735,,,239.8309459,,,,,
0.736,,,240.0081445,,,,,
0.737,,,240.1855813,,,,,
0.738,,,240.3632578,,,,,
0.739,,,240.5411757,,,,,
0.74,,,240.7193363,,,,,
0.741,,,240.8977414,,,,,
0.742,,,241.0763923,,,,,
0.743,,,241.2552908,,,,,
0.744,,,241.4344382,,,,,
0.745,,,241.6138363,,,,,
0.746,,,241.7934864,,,,,
0.747,,,241.9733902,,,,,
0.748,,,242.1535493,,,,,
0.749,,,242.3339651,,,,,
0.75,,,242.5146392,,,,,
0.751,,,242.6955731,,,,,
0.752,,,242.8767685,,,,,
0.753,,,243.0582268,,,,,
0.754,,,243.2399496,,,,,
0.755,,,243.4219385,,,,,
0.756,,,243.6041949,,,,,
0.757,,,243.7867205,,,,,
0.758,,,243.9695168,,,,,
0.759,,,244.1525853,,,,,
0.76,,,244.3359275,,,,,
0.761,,,244.5195452,,,,,
0.762,,,244.7034397,,,,,
0.763,,,244.8876126,,,,,
0.764,,,245.0720655,,,,,
0.765,,,245.2567999,,,,,
0.766,,,245.4418174,,,,,
0.767,,,245.6271195,,,,,
0.768,,,245.8127078,,,,,
0.769,,,245.9985838,,,,,
0.77,,,246.184749,,,,,
0.771,,,246.3712051,,,,,
0.772,,,246.5579536,,,,,
0.773,,,246.744996,,,,,
0.774,,,246.9323338,,,,,
0.775,,,247.1199687,,,,,
0.776,,,247.3079021,,,,,
0.777,,,247.4961357,,,,,
0.778,,,247.6846709,,,,,
0.779,,,247.8735094,,,,,
0.78,,,248.0626527,,,,,
0.781,,,248.2521023,,,,,
0.782,,,248.4418598,,,,,
0.783,,,248.6319268,,,,,
0.784,,,248.8223047,,,,,
0.785,,,249.0129953,,,,,
0.786,,,249.2039999,,,,,
0.787,,,249.3953202,,,,,
0.788,,,249.5869578,,,,,
0.789,,,249.7789141,,,,,
0.79,,,249.9711908,,,,,
0.791,,,250.1637894,,,,,
0.792,,,250.3567115,,,,,
0.793,,,250.5499586,,,,,
0.794,,,250.7435323,,,,,
0.795,,,250.9374341,,,,,
0.796,,,251.1316657,,,,,
0.797,,,251.3262286,,,,,
0.798,,,251.5211243,,,,,
0.799,,,251.7163544,,,,,
0.8,,,251.9119205,,,,,
0.801,,,252.1078241,,,,,
0.802,,,252.3040668,,,,,
0.803,,,252.5006503,,,,,
0.804,,,252.6975759,,,,,
0.805,,,252.8948454,,,,,
0.806,,,253.0924603,,,,,
0.807,,,253.2904221,,,,,
0.808,,,253.4887325,,,,,
0.809,,,253.687393,,,,,
0.81,,,253.8864052,,,,,
0.811,,,254.0857706,,,,,
0.812,,,254.2854909,,,,,
0.813,,,254.4855676,,,,,
0.814,,,254.6860022,,,,,
0.815,,,254.8867965,,,,,
0.816,,,255.0879519,,,,,
0.817,,,255.28947,,,,,
0.818,,,255.4913525,,,,,
0.819,,,255.6936008,,,,,
0.82,,,255.8962167,,,,,
0.821,,,256.0992016,,,,,
0.822,,,256.3025571,,,,,
0.823,,,256.5062849,,,,,
0.824,,,256.7103866,,,,,
0.825,,,256.9148637,,,,,
0.826,,,257.1197178,,,,,
0.827,,,257.3249505,,,,,
0.828,,,257.5305634,,,,,
0.829,,,257.7365581,,,,,
0.83,,,257.9429362,,,,,
0.831,,,258.1496993,,,,,
0.832,,,258.356849,,,,,
0.833,,,258.564387,,,,,
0.834,,,258.7723147,,,,,
0.835,,,258.9806338,,,,,
0.836,,,259.1893459,,,,,
0.837,,,259.3984526,,,,,
0.838,,,259.6079556,,,,,
0.839,,,259.8178564,,,,,
0.84,,,260.0281566,,,,,
0.841,,,260.2388578,,,,,
0.842,,,260.4499618,,,,,
0.843,,,260.66147,,,,,
0.844,,,260.8733841,,,,,
0.845,,,261.0857058,,,,,
0.846,,,261.2984365,,,,,
0.847,,,261.511578,,,,,
0.848,,,261.7251319,,,,,
0.849,,,261.9390998,,,,,
0.85,,,262.1534833,,,,,
0.851,,,262.3682841,,,,,
0.852,,,262.5835038,,,,,
0.853,,,262.7991439,,,,,
0.854,,,263.0152062,,,,,
0.855,,,263.2316923,,,,,
0.856,,,263.4486038,,,,,
0.857,,,263.6659423,,,,,
0.858,,,263.8837096,,,,,
0.859,,,264.1019071,,,,,
0.86,,,264.3205367,,,,,
0.861,,,264.5395998,,,,,
0.862,,,264.7590982,,,,,
0.863,,,264.9790335,,,,,
0.864,,,265.1994074,,,,,
0.865,,,265.4202215,,,,,
0.866,,,265.6414774,,,,,
0.867,,,265.8631769,,,,,
0.868,,,266.0853215,,,,,
0.869,,,266.307913,,,,,
0.87,,,266.5309529,,,,,
0.871,,,266.754443,,,,,
0.872,,,266.9783849,,,,,
0.873,,,267.2027804,,,,,
0.874,,,267.4276309,,,,,
0.875,,,267.6529383,,,,,
0.876,,,267.8787042,,,,,
0.877,,,268.1049302,,,,,
0.878,,,268.3316181,,,,,
0.879,,,268.5587696,,,,,
0.88,,,268.7863862,,,,,
0.881,,,269.0144697,,,,,
0.882,,,269.2430218,,,,,
0.883,,,269.4720442,,,,,
0.884,,,269.7015385,,,,,
0.885,,,269.9315064,,,,,
0.886,,,270.1619497,,,,,
0.887,,,270.39287,,,,,
0.888,,,270.624269,,,,,
0.889,,,270.8561485,,,,,
0.89,,,271.0885101,,,,,
0.891,,,271.3213555,,,,,
0.892,,,271.5546865,,,,,
0.893,,,271.7885047,,,,,
0.894,,,272.0228119,,,,,
0.895,,,272.2576097,,,,,
0.896,,,272.4929,,,,,
0.897,,,272.7286843,,,,,
0.898,,,272.9649645,,,,,
0.899,,,273.2017423,,,,,
0.9,,,273.4390193,,,,,
0.901,,,273.6767973,,,,,
0.902,,,273.9150781,,,,,
0.903,,,274.1538633,,,,,
0.904,,,274.3931547,,,,,
0.905,,,274.6329541,,,,,
0.906,,,274.8732632,,,,,
0.907,,,275.1140837,,,,,
0.908,,,275.3554173,,,,,
0.909,,,275.5972659,,,,,
0.91,,,275.8396312,,,,,
0.911,,,276.0825149,,,,,
0.912,,,276.3259187,,,,,
0.913,,,276.5698446,,,,,
0.914,,,276.8142941,,,,,
0.915,,,277.059269,,,,,
0.916,,,277.3047712,,,,,
0.917,,,277.5508024,,,,,
0.918,,,277.7973644,,,,,
0.919,,,278.0444589,,,,,
0.92,,,278.2920878,,,,,
0.921,,,278.5402527,,,,,
0.922,,,278.7889556,,,,,
0.923,,,279.0381981,,,,,
0.924,,,279.2879821,,,,,
0.925,,,279.5383093,,,,,
0.926,,,279.7891816,,,,,
0.927,,,280.0406007,,,,,
0.928,,,280.2925685,,,,,
0.929,,,280.5450867,,,,,
0.93,,,280.7981572,,,,,
0.931,,,281.0517818,,,,,
0.932,,,281.3059622,,,,,
0.933,,,281.5607003,,,,,
0.934,,,281.8159979,,,,,
0.935,,,282.0718569,,,,,
0.936,,,282.328279,,,,,
0.937,,,282.5852661,,,,,
0.938,,,282.84282,,,,,
0.939,,,283.1009426,,,,,
0.94,,,283.3596356,,,,,
0.941,,,283.618901,,,,,
0.942,,,283.8787405,,,,,
0.943,,,284.1391561,,,,,
0.944,,,284.4001495,,,,,
0.945,,,284.6617226,,,,,
0.946,,,284.9238773,,,,,
0.947,,,285.1866154,,,,,
0.948,,,285.4499388,,,,,
0.949,,,285.7138493,,,,,
0.95,,,285.9783489,,,,,
0.951,,,286.2434394,,,,,
0.952,,,286.5091227,,,,,
0.953,,,286.7754006,,,,,
0.954,,,287.042275,,,,,
0.955,,,287.3097479,,,,,
0.956,,,287.577821,,,,,
0.957,,,287.8464964,,,,,
0.958,,,288.1157759,,,,,
0.959,,,288.3856613,,,,,
0.96,,,288.6561547,,,,,
0.961,,,288.9272579,,,,,
0.962,,,289.1989727,,,,,
0.963,,,289.4713012,,,,,
0.964,,,289.7442453,,,,,
0.965,,,290.0178068,,,,,
0.966,,,290.2919877,,,,,
0.967,,,290.56679,,,,,
0.968,,,290.8422155,,,,,
0.969,,,291.1182661,,,,,
0.97,,,291.3949439,,,,,
0.971,,,291.6722508,,,,,
0.972,,,291.9501887,,,,,
0.973,,,292.2287596,,,,,
0.974,,,292.5079653,,,,,
0.975,,,292.787808,,,,,
0.976,,,293.0682895,,,,,
0.977,,,293.3494118,,,,,
0.978,,,293.6311768,,,,,
0.979,,,293.9135866,,,,,
0.98,,,294.1966432,,,,,
0.981,,,294.4803484,,,,,
0.982,,,294.7647044,,,,,
0.983,,,295.049713,,,,,
0.984,,,295.3353763,,,,,
0.985,,,295.6216963,,,,,
0.986,,,295.9086749,,,,,
0.987,,,296.1963142,,,,,
0.988,,,296.4846162,,,,,
0.989,,,296.7735829,,,,,
0.99,,,297.0632163,,,,,
0.991,,,297.3535185,,,,,
0.992,,,297.6444914,,,,,
0.993,,,297.9361371,,,,,
0.994,,,298.2284576,,,,,
0.995,,,298.521455,,,,,
0.996,,,298.8151313,,,,,
0.997,,,299.1094886,,,,,
0.998,,,299.4045289,,,,,
0.999,,,299.7002542,,,,,
1,,,299.9966667,,,,,
